Year,CPI,SALARY,sch1_basic_salary,sch1_housing_allowance,sch1_transport,sch1_medical,sch1_leave,sch1_over_time,sch1_other_taxable_allow,sch1_housing,sch1_motor_vehicle,sch1_domestic_servants,sch1_other_taxable_benf
2023,1.0718,1,1,1,1,1,1,1,1,1,1,1,1
2024,1.0396,1.08184882,1.08184882,1.08184882,1.08184882,1.08184882,1.08184882,1.08184882,1.08184882,1.08184882,1.08184882,1.08184882,1.08184882
2025,1.0329,1.107356517,1.107356517,1.107356517,1.107356517,1.107356517,1.107356517,1.107356517,1.107356517,1.107356517,1.107356517,1.107356517,1.107356517
2026,1.036,1.167373976,1.167373976,1.167373976,1.167373976,1.167373976,1.167373976,1.167373976,1.167373976,1.167373976,1.167373976,1.167373976,1.167373976
2027,1.036,1.137513705,1.137513705,1.137513705,1.137513705,1.137513705,1.137513705,1.137513705,1.137513705,1.137513705,1.137513705,1.137513705,1.137513705
2028,1.036,1.108024931,1.108024931,1.108024931,1.108024931,1.108024931,1.108024931,1.108024931,1.108024931,1.108024931,1.108024931,1.108024931,1.108024931
2029,1.036,1.107635678,1.107635678,1.107635678,1.107635678,1.107635678,1.107635678,1.107635678,1.107635678,1.107635678,1.107635678,1.107635678,1.107635678
2030,1.036,1.107635678,1.107635678,1.107635678,1.107635678,1.107635678,1.107635678,1.107635678,1.107635678,1.107635678,1.107635678,1.107635678,1.107635678
